"","ID","Description","GeneRatio","BgRatio","pvalue","p.adjust","qvalue","geneID","Count"
"GO:0031012","GO:0031012","extracellular matrix","72/610","427/15247",6.80259139701359e-26,1.63646144547119e-23,1.44033512131517e-23,"Egfl6/Col6a1/Col18a1/Col1a1/Col5a3/Angptl2/Col26a1/Ccn4/Otog/Sparc/Igf1/Col6a2/Matn3/Papln/Aspn/Thbs4/Wnt5a/Col2a1/Smoc2/Fbn2/Itih5/Col5a2/Col3a1/Dpt/Col5a1/Lamc3/Fbn1/Fbln7/Postn/Ptx3/Col11a1/Col24a1/Col15a1/Tnc/Alpl/Mmp23/Col1a2/Mfap5/Wnt5b/Pcsk6/Col4a5/Mmp2/Mmp15/Pkm/Col12a1/Emid1/Loxl2/Fras1/Abi3bp/Lum/Ccn3/Spon2/Tecta/Olfml2b/Chad/Ltbp4/Col16a1/Fmod/Mfap4/Adamts3/Olfml2a/Col6a3/Adamts16/Spock3/Col8a2/Frem1/Adamts14/Col4a4/Col8a1/Serpinh1/Col22a1/Col4a3",72
"GO:0030312","GO:0030312","external encapsulating structure","72/610","428/15247",7.88656118299371e-26,1.63646144547119e-23,1.44033512131517e-23,"Egfl6/Col6a1/Col18a1/Col1a1/Col5a3/Angptl2/Col26a1/Ccn4/Otog/Sparc/Igf1/Col6a2/Matn3/Papln/Aspn/Thbs4/Wnt5a/Col2a1/Smoc2/Fbn2/Itih5/Col5a2/Col3a1/Dpt/Col5a1/Lamc3/Fbn1/Fbln7/Postn/Ptx3/Col11a1/Col24a1/Col15a1/Tnc/Alpl/Mmp23/Col1a2/Mfap5/Wnt5b/Pcsk6/Col4a5/Mmp2/Mmp15/Pkm/Col12a1/Emid1/Loxl2/Fras1/Abi3bp/Lum/Ccn3/Spon2/Tecta/Olfml2b/Chad/Ltbp4/Col16a1/Fmod/Mfap4/Adamts3/Olfml2a/Col6a3/Adamts16/Spock3/Col8a2/Frem1/Adamts14/Col4a4/Col8a1/Serpinh1/Col22a1/Col4a3",72
"GO:0005581","GO:0005581","collagen trimer","27/610","70/15247",3.72886256655681e-20,5.15825988373692e-18,4.54005372138671e-18,"Col6a1/Col18a1/Col1a1/Col5a3/Col26a1/Col6a2/C1qtnf6/Col2a1/Col5a2/Col3a1/Col5a1/Col11a1/Col24a1/Col15a1/Col1a2/Col4a5/Col12a1/Emid1/Lum/Col16a1/Col6a3/C1ql3/Col8a2/C1qtnf3/Col4a4/Col8a1/Col4a3",27
"GO:0062023","GO:0062023","collagen-containing extracellular matrix","52/610","329/15247",1.17592576111509e-17,1.2200229771569e-15,1.07380589238667e-15,"Egfl6/Col6a1/Col18a1/Col1a1/Col5a3/Angptl2/Sparc/Igf1/Col6a2/Matn3/Papln/Aspn/Thbs4/Col2a1/Smoc2/Fbn2/Itih5/Col5a2/Col3a1/Dpt/Col5a1/Lamc3/Fbn1/Postn/Col11a1/Col24a1/Col15a1/Tnc/Col1a2/Mfap5/Pcsk6/Col4a5/Pkm/Col12a1/Emid1/Loxl2/Fras1/Abi3bp/Lum/Ccn3/Ltbp4/Col16a1/Fmod/Mfap4/Col6a3/Col8a2/Frem1/Col4a4/Col8a1/Serpinh1/Col22a1/Col4a3",52
"GO:0098644","GO:0098644","complex of collagen trimers","12/610","18/15247",2.25363809511528e-13,1.87051961894569e-11,1.64634193474738e-11,"Col1a1/Col5a3/Col2a1/Col5a2/Col3a1/Col5a1/Col11a1/Col1a2/Col4a5/Lum/Col4a4/Col4a3",12
"GO:0098798","GO:0098798","mitochondrial protein-containing complex","39/610","278/15247",7.42797096730423e-12,5.1376799190521e-10,4.52194022044661e-10,"Cox5a/Dlat/Sdhd/Ndufa9/Ndufa11/Ndufb2/Tomm40l/Atp5mc1/Sdhb/Pdhx/Atp5mc3/Mrpl45/Timm22/Atp5mj/Pdhb/Ndufs4/Ppif/Ndufb9/Cyc1/Atp5pf/Mrpl28/Atp5f1a/Uqcrc1/Ndufb5/Mrpl19/Mrpl46/Mrpl48/Ndufab1/Uqcrc2/Idh3a/Ndufc1/Mrpl12/Mrps6/Uqcrq/Timm8a1/Micos10/Mrpl18/Cox5b/Tomm5",39
"GO:0005583","GO:0005583","fibrillar collagen trimer","9/610","12/15247",4.89703129093643e-11,2.54033498217328e-09,2.23588139204598e-09,"Col1a1/Col5a3/Col2a1/Col5a2/Col3a1/Col5a1/Col11a1/Col1a2/Lum",9
"GO:0098643","GO:0098643","banded collagen fibril","9/610","12/15247",4.89703129093643e-11,2.54033498217328e-09,2.23588139204598e-09,"Col1a1/Col5a3/Col2a1/Col5a2/Col3a1/Col5a1/Col11a1/Col1a2/Lum",9
"GO:0098800","GO:0098800","inner mitochondrial membrane protein complex","23/610","134/15247",3.17061055590342e-09,1.45826666879584e-07,1.28349659878797e-07,"Cox5a/Sdhd/Ndufa9/Ndufa11/Ndufb2/Atp5mc1/Sdhb/Atp5mc3/Timm22/Atp5mj/Ndufs4/Ndufb9/Cyc1/Atp5pf/Atp5f1a/Uqcrc1/Ndufb5/Ndufab1/Uqcrc2/Ndufc1/Uqcrq/Micos10/Cox5b",23
"GO:0070469","GO:0070469","respirasome","18/610","83/15247",3.54017798948153e-09,1.45826666879584e-07,1.28349659878797e-07,"Cox5a/Sdhd/Ndufa9/Ndufa11/Ndufb2/Sdhb/Ndufs4/Ndufb9/Cyc1/Uqcrc1/Ndufb5/Ndufab1/Uqcrc2/Ndufc1/Higd1a/Ttc19/Uqcrq/Cox5b",18
"GO:1902495","GO:1902495","transmembrane transporter complex","36/610","300/15247",3.86528514620584e-09,1.45826666879584e-07,1.28349659878797e-07,"Ndufa9/Gabrg1/Gria3/Ndufa11/Ndufb2/Atp5mc1/Atp1a4/Atp5mc3/Scn1b/Best3/Dlg4/Ndufs4/Ndufb9/Cyc1/Uqcrc1/Cnga3/Atp1b1/Chrna4/Ndufb5/Ndufab1/Uqcrc2/Calm2/Ndufc1/Kcnk2/Kcna7/Ostm1/Kcnh2/Lrrc52/Cacna2d4/Uqcrq/Kcng4/Kcnb1/Kcnc1/Kcnc3/Lrrc55/Slc5a3",36
"GO:0005604","GO:0005604","basement membrane","20/610","104/15247",4.44777824152424e-09,1.5381899751938e-07,1.3538412717622e-07,"Egfl6/Col18a1/Sparc/Papln/Thbs4/Col2a1/Smoc2/Col5a1/Lamc3/Fbn1/Col15a1/Tnc/Col4a5/Loxl2/Fras1/Col8a2/Frem1/Col4a4/Col8a1/Col4a3",20
"GO:1990351","GO:1990351","transporter complex","37/610","325/15247",9.87305396055921e-09,3.15178261048621e-07,2.77404835976846e-07,"Ndufa9/Gabrg1/Gria3/Ndufa11/Ndufb2/Atp5mc1/Atp1a4/Atp5mc3/Scn1b/Best3/Dlg4/Ndufs4/Ndufb9/Cyc1/Uqcrc1/Cnga3/Atp1b1/Chrna4/Ndufb5/Ndufab1/Uqcrc2/Calm2/Ndufc1/Kcnk2/Kcna7/Ostm1/Kcnh2/Lrrc52/Cacna2d4/Uqcrq/Kcng4/Timm8a1/Kcnb1/Kcnc1/Kcnc3/Lrrc55/Slc5a3",37
"GO:0005746","GO:0005746","mitochondrial respirasome","16/610","77/15247",5.00215350458119e-08,1.38392913626746e-06,1.21806825690503e-06,"Cox5a/Sdhd/Ndufa9/Ndufa11/Ndufb2/Sdhb/Ndufs4/Ndufb9/Cyc1/Uqcrc1/Ndufb5/Ndufab1/Uqcrc2/Ndufc1/Uqcrq/Cox5b",16
"GO:0098803","GO:0098803","respiratory chain complex","16/610","77/15247",5.00215350458119e-08,1.38392913626746e-06,1.21806825690503e-06,"Cox5a/Sdhd/Ndufa9/Ndufa11/Ndufb2/Sdhb/Ndufs4/Ndufb9/Cyc1/Uqcrc1/Ndufb5/Ndufab1/Uqcrc2/Ndufc1/Uqcrq/Cox5b",16
"GO:1990204","GO:1990204","oxidoreductase complex","18/610","110/15247",3.44800021861676e-07,8.94325056703722e-06,7.87142155171063e-06,"Dlat/Sdhd/Ndufa9/Ndufa11/Ndufb2/Sdhb/Pdhx/Pdhb/Ndufs4/Ndufb9/Cyc1/Uqcrc1/Ndufb5/Ndufab1/Uqcrc2/Idh3a/Ndufc1/Uqcrq",18
"GO:0005759","GO:0005759","mitochondrial matrix","30/610","293/15247",2.38057770823744e-06,5.81141028775611e-05,5.11492547838014e-05,"Dlat/Ndufa9/Alkbh7/Acot13/Sod2/Casq1/Pdhx/Mrm1/Mrpl45/Mdh2/Glrx5/Pdhb/Ppif/Mrpl28/Sirt3/Acads/Mrpl19/Mrpl46/Mrpl48/Fdx1/Idh3a/Alas1/Acot11/Pptc7/Mrpl12/Mrps6/Mterf2/Sirt5/Mrpl18/Trmt2b",30
"GO:0008076","GO:0008076","voltage-gated potassium channel complex","11/610","64/15247",4.14318065949295e-05,0.00095523331871643,0.000840750695230441,"Calm2/Kcnk2/Kcna7/Kcnh2/Lrrc52/Kcng4/Kcnb1/Kcnc1/Kcnc3/Lrrc55/Slc5a3",11
"GO:0034702","GO:0034702","monoatomic ion channel complex","22/610","223/15247",9.08251127360658e-05,0.00198381167291933,0.0017460561839011,"Gabrg1/Gria3/Atp5mc1/Atp5mc3/Scn1b/Best3/Dlg4/Cnga3/Chrna4/Calm2/Kcnk2/Kcna7/Ostm1/Kcnh2/Lrrc52/Cacna2d4/Kcng4/Kcnb1/Kcnc1/Kcnc3/Lrrc55/Slc5a3",22
"GO:0001527","GO:0001527","microfibril","5/610","13/15247",9.93061206654738e-05,0.00206060200380858,0.00181364336162734,"Fbn2/Fbn1/Mfap5/Ltbp4/Mfap4",5
"GO:0044304","GO:0044304","main axon","11/610","75/15247",0.000183325928684994,0.0036228695430606,0.00318867655406983,"Tiam1/Crhr2/Scn1b/Dlg4/Robo1/Cnga3/Thy1/Dagla/Robo2/Kcnc1/Kcnc3",11
"GO:0034705","GO:0034705","potassium channel complex","11/610","76/15247",0.000206748771097464,0.00390003363661124,0.0034326231373598,"Calm2/Kcnk2/Kcna7/Kcnh2/Lrrc52/Kcng4/Kcnb1/Kcnc1/Kcnc3/Lrrc55/Slc5a3",11
"GO:0005747","GO:0005747","mitochondrial respiratory chain complex I","8/610","44/15247",0.000310375359807422,0.0051522309728032,0.00453474736223896,"Ndufa9/Ndufa11/Ndufb2/Ndufs4/Ndufb9/Ndufb5/Ndufab1/Ndufc1",8
"GO:0030964","GO:0030964","NADH dehydrogenase complex","8/610","44/15247",0.000310375359807422,0.0051522309728032,0.00453474736223896,"Ndufa9/Ndufa11/Ndufb2/Ndufs4/Ndufb9/Ndufb5/Ndufab1/Ndufc1",8
"GO:0045271","GO:0045271","respiratory chain complex I","8/610","44/15247",0.000310375359807422,0.0051522309728032,0.00453474736223896,"Ndufa9/Ndufa11/Ndufb2/Ndufs4/Ndufb9/Ndufb5/Ndufab1/Ndufc1",8
"GO:0032589","GO:0032589","neuron projection membrane","9/610","56/15247",0.000348566376028578,0.00537274345604994,0.00472883190678334,"Gabrg1/Akap5/Robo1/Thy1/Dagla/Kcnb1/Robo2/Kcnc1/Kcnc3",9
"GO:0043209","GO:0043209","myelin sheath","19/610","197/15247",0.000358407398592239,0.00537274345604994,0.00472883190678334,"Cox5a/Dlat/Sod2/Mdh2/Atp5f1a/Uqcrc1/Atp1b1/Uqcrc2/Thy1/Gnb5/Idh3a/Pkm/Calm2/Nme1/Pmp2/Cox5b/Cycs/Cd59b/Tuba1a",19
"GO:0034703","GO:0034703","cation channel complex","16/610","151/15247",0.000362498353661201,0.00537274345604994,0.00472883190678334,"Atp5mc1/Atp5mc3/Scn1b/Cnga3/Calm2/Kcnk2/Kcna7/Kcnh2/Lrrc52/Cacna2d4/Kcng4/Kcnb1/Kcnc1/Kcnc3/Lrrc55/Slc5a3",16
"GO:0005753","GO:0005753","mitochondrial proton-transporting ATP synthase complex","5/610","17/15247",0.000417880187484687,0.0058808509333967,0.00517604381455588,"Atp5mc1/Atp5mc3/Atp5mj/Atp5pf/Atp5f1a",5
"GO:0005750","GO:0005750","mitochondrial respiratory chain complex III","4/610","10/15247",0.000439292479362163,0.0058808509333967,0.00517604381455588,"Cyc1/Uqcrc1/Uqcrc2/Uqcrq",4
"GO:0045275","GO:0045275","respiratory chain complex III","4/610","10/15247",0.000439292479362163,0.0058808509333967,0.00517604381455588,"Cyc1/Uqcrc1/Uqcrc2/Uqcrq",4
"GO:0032590","GO:0032590","dendrite membrane","7/610","36/15247",0.000480688131428423,0.00623392420446236,0.00548680202650207,"Gabrg1/Akap5/Thy1/Dagla/Kcnb1/Kcnc1/Kcnc3",7
"GO:0045259","GO:0045259","proton-transporting ATP synthase complex","5/610","18/15247",0.000559685151131879,0.00703846477938575,0.00619492017361282,"Atp5mc1/Atp5mc3/Atp5mj/Atp5pf/Atp5f1a",5
"GO:0030673","GO:0030673","axolemma","5/610","20/15247",0.000947717209952324,0.0115677247685357,0.0101813582617169,"Robo1/Thy1/Robo2/Kcnc1/Kcnc3",5
"GO:0070069","GO:0070069","cytochrome complex","6/610","32/15247",0.00148983287292566,0.0176651612075471,0.0155480302828633,"Cox5a/Cyc1/Uqcrc1/Uqcrc2/Uqcrq/Cox5b",6
"GO:0099634","GO:0099634","postsynaptic specialization membrane","12/610","120/15247",0.00310445932804179,0.0352545060110333,0.0310293305918289,"Gria3/Tiam1/Ptprs/Dlg4/Arc/Slc16a3/Chrna4/Dagla/Lzts1/Neto2/Lrrc4/Kcnb1",12
"GO:0005614","GO:0005614","interstitial matrix","4/610","16/15247",0.00314317282508007,0.0352545060110333,0.0310293305918289,"Igf1/Smoc2/Tnc/Abi3bp",4
"GO:0043198","GO:0043198","dendritic shaft","8/610","63/15247",0.00348890121053724,0.0381024737466567,0.0335359756248317,"Gria3/Akap5/Asic1/Stau2/Kirrel3/Inpp5j/Abi3bp/Lzts1",8
"GO:0031256","GO:0031256","leading edge membrane","13/610","140/15247",0.00406371773625415,0.0432421246293711,0.0380596505932575,"Gabrg1/Tiam1/Akap5/Robo1/Psd3/Thy1/Inpp5j/Dagla/Nme1/Kcnb1/Robo2/Kcnc1/Kcnc3",13
"GO:0098839","GO:0098839","postsynaptic density membrane","10/610","95/15247",0.00464261231552351,0.0471851270642164,0.0415300928123858,"Gria3/Tiam1/Ptprs/Dlg4/Arc/Slc16a3/Dagla/Lzts1/Neto2/Lrrc4",10
"GO:0005758","GO:0005758","mitochondrial intermembrane space","8/610","66/15247",0.00466166315574186,0.0471851270642164,0.0415300928123858,"Fkbp10/Alpl/Chchd4/Sdhaf3/Dusp18/Timm8a1/Sirt5/Cycs",8
"GO:0000276","GO:0000276","mitochondrial proton-transporting ATP synthase complex, coupling factor F(o)","3/610","10/15247",0.00619384183961505,0.0612010562723869,0.0538662435675796,"Atp5mc1/Atp5mc3/Atp5pf",3
"GO:0000315","GO:0000315","organellar large ribosomal subunit","7/610","56/15247",0.00670856144465878,0.0632739318075771,0.0556906895047033,"Mrpl45/Mrpl28/Mrpl19/Mrpl46/Mrpl48/Mrpl12/Mrpl18",7
"GO:0005762","GO:0005762","mitochondrial large ribosomal subunit","7/610","56/15247",0.00670856144465878,0.0632739318075771,0.0556906895047033,"Mrpl45/Mrpl28/Mrpl19/Mrpl46/Mrpl48/Mrpl12/Mrpl18",7
"GO:0045239","GO:0045239","tricarboxylic acid cycle enzyme complex","4/610","20/15247",0.00737061211888548,0.0679734228741661,0.0598269568480295,"Dlat/Pdhx/Pdhb/Idh3a",4
"GO:0045263","GO:0045263","proton-transporting ATP synthase complex, coupling factor F(o)","3/610","11/15247",0.0082658308418916,0.0745721695518482,0.0656348581724574,"Atp5mc1/Atp5mc3/Atp5pf",3
"GO:0031970","GO:0031970","organelle envelope lumen","8/610","78/15247",0.0125636568040859,0.11093441646161,0.0976391693397049,"Fkbp10/Alpl/Chchd4/Sdhaf3/Dusp18/Timm8a1/Sirt5/Cycs",8
"GO:0045240","GO:0045240","dihydrolipoyl dehydrogenase complex","3/610","13/15247",0.0134989631213318,0.115357339153728,0.101532014423192,"Dlat/Pdhx/Pdhb",3
"GO:0031045","GO:0031045","dense core granule","5/610","36/15247",0.013620505104898,0.115357339153728,0.101532014423192,"Igf1/Ecrg4/Cpe/Syt9/Ncs1",5
"GO:0150034","GO:0150034","distal axon","22/610","333/15247",0.0149453495530469,0.124046401290289,0.109179711471732,"Gria3/Tiam1/Crhr2/Atp5mc1/Adgrl1/Pcsk1/Cpeb1/Trak2/Slc4a10/Dclk1/Rab3a/Thy1/Trak1/Inpp5j/Frmd7/Calm2/Kcnk2/Septin6/Kcnc1/Ncs1/Kcnc3/Marcks",22
"GO:0098797","GO:0098797","plasma membrane protein complex","29/610","479/15247",0.0176900502899567,0.143948448437883,0.126696541808359,"Gria3/Atp1a4/Scn1b/Igf1/Dlg4/Ston2/Traf3/Tfrc/Atp1b1/Itgb6/Chrna4/Cntfr/Ret/Gnb5/Itgbl1/Ramp1/Calm2/Kcnk2/Kcna7/Kcnh2/Lrrc52/Cacna2d4/Kcng4/Kcnb1/Kcnc1/Kcnc3/Lrrc55/C7/Slc5a3",29
"GO:0097060","GO:0097060","synaptic membrane","26/610","423/15247",0.0201515292534817,0.160824704619133,0.14155021560644,"Gabrg1/Gria3/Tiam1/Adgrl1/Ptprs/Dlg4/Akap5/Arc/Grm8/Slc16a3/Adam23/Chrna4/P2ry1/Syt3/Ank2/P2ry2/Ntng2/Dagla/Lzts1/Neto2/Cpe/Lrrc4/Kcnb1/Kcnc1/Kcnc3/Marcks",26
"GO:0030017","GO:0030017","sarcomere","14/610","194/15247",0.0241831182519401,0.189358378765191,0.16666419132916,"Mef2c/Casq1/Jph2/Pgm1/Sphkap/Itgb1bp2/Mmp2/Ank2/Myh2/Ky/Calm2/Myoz3/Myl3/Actc1",14
"GO:0016469","GO:0016469","proton-transporting two-sector ATPase complex","5/610","42/15247",0.0252975031862352,0.192227041747381,0.169189051328703,"Atp5mc1/Atp5mc3/Atp5mj/Atp5pf/Atp5f1a",5
"GO:0000313","GO:0000313","organellar ribosome","8/610","89/15247",0.0259390706936225,0.192227041747381,0.169189051328703,"Mrpl45/Mrpl28/Mrpl19/Mrpl46/Mrpl48/Mrpl12/Mrps6/Mrpl18",8
"GO:0005761","GO:0005761","mitochondrial ribosome","8/610","89/15247",0.0259390706936225,0.192227041747381,0.169189051328703,"Mrpl45/Mrpl28/Mrpl19/Mrpl46/Mrpl48/Mrpl12/Mrps6/Mrpl18",8
"GO:0030016","GO:0030016","myofibril","15/610","218/15247",0.0292333662794715,0.212839421157555,0.187331082160233,"Mef2c/Casq1/Jph2/Pgm1/Sphkap/Itgb1bp2/Mmp2/Ank2/Myh2/Ky/Calm2/Myoz3/Myl3/Myl1/Actc1",15
"GO:0070382","GO:0070382","exocytic vesicle","16/610","238/15247",0.0300170686479343,0.214290505117523,0.188608256882132,"Ptprs/Igf1/Dlg4/Ston2/Syngr1/Sypl2/Syt3/Rab3a/Kirrel3/Calm2/Wfs1/Septin6/Sv2c/Syt9/Sptbn2/Ntf5",16
"GO:0032809","GO:0032809","neuronal cell body membrane","4/610","30/15247",0.0304653971130937,0.214290505117523,0.188608256882132,"Thy1/Kcnb1/Kcnc1/Kcnc3",4
"GO:0045211","GO:0045211","postsynaptic membrane","18/610","286/15247",0.0391739960897378,0.27095347295402,0.238480291984895,"Gabrg1/Gria3/Tiam1/Ptprs/Dlg4/Arc/Slc16a3/Chrna4/P2ry1/Ank2/Dagla/Lzts1/Neto2/Lrrc4/Kcnb1/Kcnc1/Kcnc3/Marcks",18
"GO:0044298","GO:0044298","cell body membrane","4/610","33/15247",0.041445086467565,0.281962473508844,0.248169887907593,"Thy1/Kcnb1/Kcnc1/Kcnc3",4
"GO:0044306","GO:0044306","neuron projection terminus","12/610","172/15247",0.0437168641409133,0.283840763864235,0.249823069273024,"Gria3/Crhr2/Dlg4/Pcsk1/Slc4a10/Rab3a/Kcnk2/Septin6/Kcnc1/Ncs1/Kcnc3/Marcks",12
"GO:0005751","GO:0005751","mitochondrial respiratory chain complex IV","3/610","20/15247",0.0437730334634001,0.283840763864235,0.249823069273024,"Cox5a/Uqcrc2/Cox5b",3
"GO:0033177","GO:0033177","proton-transporting two-sector ATPase complex, proton-transporting domain","3/610","20/15247",0.0437730334634001,0.283840763864235,0.249823069273024,"Atp5mc1/Atp5mc3/Atp5pf",3
"GO:0043292","GO:0043292","contractile fiber","15/610","231/15247",0.045005099071006,0.284358026727011,0.250278339313311,"Mef2c/Casq1/Jph2/Pgm1/Sphkap/Itgb1bp2/Mmp2/Ank2/Myh2/Ky/Calm2/Myoz3/Myl3/Myl1/Actc1",15
"GO:0043679","GO:0043679","axon terminus","11/610","154/15247",0.0452232042505608,0.284358026727011,0.250278339313311,"Gria3/Crhr2/Pcsk1/Slc4a10/Rab3a/Kcnk2/Septin6/Kcnc1/Ncs1/Kcnc3/Marcks",11
"GO:0099503","GO:0099503","secretory vesicle","27/610","480/15247",0.0473731782298743,0.293430880080565,0.258263831041106,"Cyp51/Col1a1/Ptprs/Sparc/Igf1/Dlg4/Ston2/Pcsk1/Syngr1/Ecrg4/Skil/Sypl2/Slc30a2/Syt3/Rab3a/Kirrel3/Scg3/Calm2/Cpe/Wfs1/Septin6/Sv2c/Cfap119/Syt9/Ncs1/Sptbn2/Ntf5",27
"GO:0046930","GO:0046930","pore complex","3/610","21/15247",0.0495982496370478,0.302695199990807,0.266417842477641,"Tomm40l/Ppif/C7",3
"GO:0045277","GO:0045277","respiratory chain complex IV","3/610","22/15247",0.0557799732126965,0.32209847994406,0.283495681777017,"Cox5a/Uqcrc2/Cox5b",3
"GO:0032591","GO:0032591","dendritic spine membrane","2/610","10/15247",0.058119658332522,0.32209847994406,0.283495681777017,"Akap5/Dagla",2
"GO:0043196","GO:0043196","varicosity","2/610","10/15247",0.058119658332522,0.32209847994406,0.283495681777017,"Crhr2/Dagla",2
"GO:0098981","GO:0098981","cholinergic synapse","2/610","10/15247",0.058119658332522,0.32209847994406,0.283495681777017,"Chrna4/Kcnb1",2
"GO:0016324","GO:0016324","apical plasma membrane","18/610","301/15247",0.058811236601902,0.32209847994406,0.283495681777017,"Slc38a3/Slc47a1/Slc22a4/Slc16a3/Ecrg4/Slc9a2/Atp1b1/Slc4a10/Cybrd1/P2ry1/Cntfr/Thy1/P2ry2/Lzts1/Kcnk2/Kcnb1/Sptbn2/Slc5a3",18
"GO:0031674","GO:0031674","I band","10/610","142/15247",0.0589317029450256,0.32209847994406,0.283495681777017,"Casq1/Jph2/Pgm1/Sphkap/Itgb1bp2/Ank2/Ky/Myoz3/Myl3/Actc1",10
"GO:0008021","GO:0008021","synaptic vesicle","14/610","220/15247",0.0590170562620265,0.32209847994406,0.283495681777017,"Ptprs/Dlg4/Ston2/Syngr1/Sypl2/Rab3a/Kirrel3/Calm2/Wfs1/Septin6/Sv2c/Syt9/Sptbn2/Ntf5",14
"GO:0051233","GO:0051233","spindle midzone","4/610","37/15247",0.059126032989756,0.32209847994406,0.283495681777017,"Aurka/Map9/Ccdc69/Eml1",4
"GO:0099572","GO:0099572","postsynaptic specialization","22/610","385/15247",0.0597628504956449,0.32209847994406,0.283495681777017,"Gria3/Tiam1/Ptprs/Dynll2/Dlg4/Akap5/Arc/Slc16a3/Cpeb1/Aurka/Chrna4/P2ry1/Dclk1/Ank2/Abi3bp/Dagla/Lzts1/Neto2/Srcin1/Mapk10/Lrrc4/Kcnb1",22
"GO:0014069","GO:0014069","postsynaptic density","20/610","347/15247",0.0654968801028423,0.348476990290764,0.306712785366887,"Gria3/Tiam1/Ptprs/Dynll2/Dlg4/Akap5/Arc/Slc16a3/Cpeb1/Aurka/P2ry1/Dclk1/Ank2/Abi3bp/Dagla/Lzts1/Neto2/Srcin1/Mapk10/Lrrc4",20
"GO:1990229","GO:1990229","iron-sulfur cluster assembly complex","2/610","11/15247",0.0691982866637733,0.363509986904632,0.319944110224242,"Glrx5/Ndufab1",2
"GO:0098984","GO:0098984","neuron to neuron synapse","22/610","397/15247",0.0773405535507287,0.385326265929426,0.339145755935348,"Gria3/Tiam1/Ptprs/Dynll2/Dlg4/Akap5/Arc/Slc16a3/Cpeb1/Aurka/P2ry1/Dclk1/Ank2/Abi3bp/Dagla/Lzts1/Neto2/Srcin1/Mapk10/C1ql3/Lrrc4/Syt9",22
"GO:0001674","GO:0001674","female germ cell nucleus","2/610","12/15247",0.0808984699633595,0.385326265929426,0.339145755935348,"Aurka/Marcks",2
"GO:0005742","GO:0005742","mitochondrial outer membrane translocase complex","2/610","12/15247",0.0808984699633595,0.385326265929426,0.339145755935348,"Tomm40l/Tomm5",2
"GO:0090533","GO:0090533","cation-transporting ATPase complex","2/610","12/15247",0.0808984699633595,0.385326265929426,0.339145755935348,"Atp1a4/Atp1b1",2
"GO:0098533","GO:0098533","ATPase dependent transmembrane transport complex","2/610","12/15247",0.0808984699633595,0.385326265929426,0.339145755935348,"Atp1a4/Atp1b1",2
"GO:0098691","GO:0098691","dopaminergic synapse","2/610","12/15247",0.0808984699633595,0.385326265929426,0.339145755935348,"Chrna4/Sv2c",2
"GO:1990635","GO:1990635","proximal dendrite","2/610","12/15247",0.0808984699633595,0.385326265929426,0.339145755935348,"Dlg4/Kcnb1",2
"GO:0048787","GO:0048787","presynaptic active zone membrane","5/610","58/15247",0.0816817334528572,0.385326265929426,0.339145755935348,"Gria3/Grm8/P2ry1/P2ry2/Ntng2",5
"GO:0016323","GO:0016323","basolateral plasma membrane","13/610","211/15247",0.0817077383175651,0.385326265929426,0.339145755935348,"Slc38a3/Slc47a1/Dlg4/Akap5/Tfrc/Slc16a3/Atp1b1/Slc4a10/P2ry1/Ank2/P2ry2/Cnnm4/Slc5a3",13
"GO:0016460","GO:0016460","myosin II complex","3/610","26/15247",0.083869813611829,0.391078344369764,0.344208460358423,"Myh2/Myl3/Myl1",3
"GO:0060076","GO:0060076","excitatory synapse","6/610","77/15247",0.0875594322485529,0.403746270923883,0.35535816362863,"Gria3/Dlg4/Akap5/Slc16a3/Lrrc4/Sptbn2",6
"GO:0098688","GO:0098688","parallel fiber to Purkinje cell synapse","3/610","27/15247",0.0916755715853906,0.408675726838481,0.359696835036025,"Gria3/Slc16a3/Sptbn2",3
"GO:0042734","GO:0042734","presynaptic membrane","12/610","195/15247",0.092397288529284,0.408675726838481,0.359696835036025,"Gria3/Adgrl1/Ptprs/Grm8/Adam23/Chrna4/P2ry1/P2ry2/Ntng2/Kcnc1/Kcnc3/Marcks",12
"GO:0098799","GO:0098799","outer mitochondrial membrane protein complex","2/610","13/15247",0.0931529257528192,0.408675726838481,0.359696835036025,"Tomm40l/Tomm5",2
"GO:0030672","GO:0030672","synaptic vesicle membrane","8/610","116/15247",0.0935522748184474,0.408675726838481,0.359696835036025,"Ptprs/Syngr1/Sypl2/Rab3a/Calm2/Wfs1/Sv2c/Syt9",8
"GO:0099501","GO:0099501","exocytic vesicle membrane","8/610","116/15247",0.0935522748184474,0.408675726838481,0.359696835036025,"Ptprs/Syngr1/Sypl2/Rab3a/Calm2/Wfs1/Sv2c/Syt9",8
"GO:0032279","GO:0032279","asymmetric synapse","20/610","365/15247",0.0967127059283553,0.41543063902485,0.365642185774567,"Gria3/Tiam1/Ptprs/Dynll2/Dlg4/Akap5/Arc/Slc16a3/Cpeb1/Aurka/P2ry1/Dclk1/Ank2/Abi3bp/Dagla/Lzts1/Neto2/Srcin1/Mapk10/Lrrc4",20
"GO:0009925","GO:0009925","basal plasma membrane","14/610","238/15247",0.0971006553865313,0.41543063902485,0.365642185774567,"Slc38a3/Slc47a1/Slc22a4/Dlg4/Akap5/Tfrc/Slc16a3/Atp1b1/Slc4a10/P2ry1/Ank2/P2ry2/Cnnm4/Slc5a3",14
"GO:0072687","GO:0072687","meiotic spindle","2/610","14/15247",0.105898744945066,0.439479791522024,0.386809099957241,"Cpeb1/Aurka",2
"GO:1990023","GO:1990023","mitotic spindle midzone","2/610","14/15247",0.105898744945066,0.439479791522024,0.386809099957241,"Map9/Eml1",2
"GO:1990124","GO:1990124","messenger ribonucleoprotein complex","2/610","14/15247",0.105898744945066,0.439479791522024,0.386809099957241,"Cpeb1/Stau2",2
"GO:0031594","GO:0031594","neuromuscular junction","7/610","101/15247",0.109985223500779,0.451919482701221,0.397757921362901,"Dlg4/Thbs4/Syngr1/Postn/Col4a5/Kcnc3/Tuba1a",7
"GO:0043197","GO:0043197","dendritic spine","11/610","182/15247",0.113959951821867,0.463660588294851,0.40809188113713,"Gria3/Tiam1/Dlg4/Akap5/Arc/Asic1/Abi3bp/Dagla/Lzts1/Lrrc4/Marcks",11
"GO:0044305","GO:0044305","calyx of Held","3/610","30/15247",0.116768894055537,0.470476611971337,0.414091019287391,"Kcnk2/Kcnc1/Ncs1",3
"GO:0031253","GO:0031253","cell projection membrane","15/610","269/15247",0.122734983615353,0.489759790388189,0.431063150956757,"Gabrg1/Tiam1/Akap5/Robo1/Cybrd1/Psd3/Thy1/Inpp5j/Dagla/Nme1/Fzd9/Kcnb1/Robo2/Kcnc1/Kcnc3",15
"GO:0044309","GO:0044309","neuron spine","11/610","188/15247",0.13386183649973,0.529072972832265,0.465664734490288,"Gria3/Tiam1/Dlg4/Akap5/Arc/Asic1/Abi3bp/Dagla/Lzts1/Lrrc4/Marcks",11
"GO:0030018","GO:0030018","Z disc","8/610","128/15247",0.141191800574154,0.547784710657017,0.482133911472378,"Casq1/Jph2/Pgm1/Sphkap/Itgb1bp2/Ank2/Ky/Myoz3",8
"GO:0034707","GO:0034707","chloride channel complex","3/610","33/15247",0.144089824268324,0.547784710657017,0.482133911472378,"Gabrg1/Best3/Ostm1",3
"GO:0016459","GO:0016459","myosin complex","4/610","51/15247",0.146262082846446,0.547784710657017,0.482133911472378,"Dynll2/Myh2/Myl3/Myl1",4
"GO:0031527","GO:0031527","filopodium membrane","2/610","17/15247",0.146515910561274,0.547784710657017,0.482133911472378,"Akap5/Fzd9",2
"GO:0043083","GO:0043083","synaptic cleft","2/610","17/15247",0.146515910561274,0.547784710657017,0.482133911472378,"Gria3/C1ql3",2
"GO:0098845","GO:0098845","postsynaptic endosome","2/610","17/15247",0.146515910561274,0.547784710657017,0.482133911472378,"Akap5/Arc",2
"GO:0045178","GO:0045178","basal part of cell","14/610","257/15247",0.150689800462125,0.558359528498053,0.491441360529675,"Slc38a3/Slc47a1/Slc22a4/Dlg4/Akap5/Tfrc/Slc16a3/Atp1b1/Slc4a10/P2ry1/Ank2/P2ry2/Cnnm4/Slc5a3",14
"GO:0030426","GO:0030426","growth cone","11/610","195/15247",0.15928968627651,0.584921996259655,0.514820374640711,"Tiam1/Adgrl1/Cpeb1/Trak2/Dclk1/Thy1/Trak1/Inpp5j/Frmd7/Calm2/Marcks",11
"GO:0031091","GO:0031091","platelet alpha granule","2/610","18/15247",0.16067736764723,0.584921996259655,0.514820374640711,"Sparc/Igf1",2
"GO:0031672","GO:0031672","A band","3/610","35/15247",0.163355669213814,0.589500893249849,0.518850500843875,"Ank2/Myh2/Myl3",3
"GO:0098802","GO:0098802","plasma membrane signaling receptor complex","9/610","156/15247",0.173572064579513,0.610549445171124,0.537376429865263,"Gria3/Dlg4/Traf3/Tfrc/Itgb6/Chrna4/Cntfr/Itgbl1/Ramp1",9
"GO:0005788","GO:0005788","endoplasmic reticulum lumen","5/610","74/15247",0.174143035111709,0.610549445171124,0.537376429865263,"Casq1/Pcsk1/Wnt5a/Wnt5b/Ntf5",5
"GO:0032281","GO:0032281","AMPA glutamate receptor complex","2/610","19/15247",0.175073214398467,0.610549445171124,0.537376429865263,"Gria3/Dlg4",2
"GO:0045120","GO:0045120","pronucleus","2/610","19/15247",0.175073214398467,0.610549445171124,0.537376429865263,"Cenpf/Aurka",2
"GO:0030141","GO:0030141","secretory granule","15/610","288/15247",0.180359426372452,0.6204908884847,0.546126412946584,"Cyp51/Col1a1/Sparc/Igf1/Pcsk1/Ecrg4/Skil/Slc30a2/Rab3a/Scg3/Cpe/Wfs1/Cfap119/Syt9/Ncs1",15
"GO:0005876","GO:0005876","spindle microtubule","5/610","75/15247",0.180914210859394,0.6204908884847,0.546126412946584,"Kif11/Aurka/Rmdn1/Map9/Calm2",5
"GO:0030427","GO:0030427","site of polarized growth","11/610","202/15247",0.186952149202906,0.635943786223,0.559727314697225,"Tiam1/Adgrl1/Cpeb1/Trak2/Dclk1/Thy1/Trak1/Inpp5j/Frmd7/Calm2/Marcks",11
"GO:0099571","GO:0099571","postsynaptic cytoskeleton","2/610","20/15247",0.189662123391252,0.639916920385118,0.563224277422032,"Sptbn2/Marcks",2
"GO:0043204","GO:0043204","perikaryon","7/610","119/15247",0.19950748680077,0.662382409071064,0.582997326436676,"Gria3/Crhr2/Pcsk1/Cnga3/Cpe/Mapk10/Kcnb1",7
"GO:0030133","GO:0030133","transport vesicle","16/610","316/15247",0.199512773816586,0.662382409071064,0.582997326436676,"Ptprs/Igf1/Dlg4/Ston2/Syngr1/Sypl2/Syt3/Rab3a/Kirrel3/Calm2/Wfs1/Septin6/Sv2c/Syt9/Sptbn2/Ntf5",16
"GO:0097431","GO:0097431","mitotic spindle pole","3/610","39/15247",0.203913375477184,0.67161945097644,0.591127329077551,"Aurka/Rmdn1/Eml1",3
"GO:0015934","GO:0015934","large ribosomal subunit","7/610","123/15247",0.222473458067028,0.726980197620605,0.639853211349017,"Mrpl45/Mrpl28/Mrpl19/Mrpl46/Mrpl48/Mrpl12/Mrpl18",7
"GO:0014704","GO:0014704","intercalated disc","4/610","63/15247",0.244421706909542,0.792461002870782,0.697486285342197,"Scn1b/Atp1b1/Ank2/Tmem65",4
"GO:0005782","GO:0005782","peroxisomal matrix","2/610","24/15247",0.249220650864948,0.795589000838103,0.70023939959625,"Phyh/Nudt7",2
"GO:0031907","GO:0031907","microbody lumen","2/610","24/15247",0.249220650864948,0.795589000838103,0.70023939959625,"Phyh/Nudt7",2
"GO:0044291","GO:0044291","cell-cell contact zone","5/610","85/15247",0.253278149588635,0.802369710528883,0.706207456064737,"Tiam1/Scn1b/Atp1b1/Ank2/Tmem65",5
"GO:0044295","GO:0044295","axonal growth cone","3/610","44/15247",0.257316105431385,0.808986240560792,0.712031009447292,"Tiam1/Trak2/Trak1",3
"GO:0030667","GO:0030667","secretory granule membrane","4/610","65/15247",0.262073982448109,0.817652995079573,0.71965907239724,"Sparc/Slc30a2/Scg3/Cpe",4
"GO:0048786","GO:0048786","presynaptic active zone","6/610","108/15247",0.264013256242561,0.817652995079573,0.71965907239724,"Gria3/Grm8/P2ry1/Rab3a/P2ry2/Ntng2",6
"GO:0031252","GO:0031252","cell leading edge","18/610","384/15247",0.277673238085659,0.853588102263322,0.751287435600185,"Gabrg1/Tiam1/Akap5/Robo1/Plxnd1/Psd3/Thy1/Inpp5j/Abi3bp/Dagla/Ssx2ip/Nme1/Srcin1/Kcnb1/Robo2/Kcnc1/Kcnc3/Dusp22",18
"GO:0030658","GO:0030658","transport vesicle membrane","8/610","156/15247",0.286995958293315,0.875351785575806,0.770442789080037,"Ptprs/Syngr1/Sypl2/Rab3a/Calm2/Wfs1/Sv2c/Syt9",8
"GO:0030315","GO:0030315","T-tubule","4/610","68/15247",0.288971553310567,0.875351785575806,0.770442789080037,"Casq1/Scn1b/Atp1b1/Ank2",4
"GO:0045177","GO:0045177","apical part of cell","18/610","388/15247",0.292335358168284,0.879124446665491,0.773763304991568,"Slc38a3/Slc47a1/Slc22a4/Slc16a3/Ecrg4/Slc9a2/Atp1b1/Slc4a10/Cybrd1/P2ry1/Cntfr/Thy1/P2ry2/Lzts1/Kcnk2/Kcnb1/Sptbn2/Slc5a3",18
"GO:0042383","GO:0042383","sarcolemma","8/610","159/15247",0.304621303295597,0.899367629000667,0.791580386209845,"Col6a1/Casq1/Scn1b/Col6a2/Atp1b1/Ank2/Col6a3/Cd59b",8
"GO:0036126","GO:0036126","sperm flagellum","6/610","115/15247",0.312657093962317,0.899367629000667,0.791580386209845,"Atp1a4/Atp1b1/Iqcg/Septin6/Cfap119/Marcks",6
"GO:1904949","GO:1904949","ATPase complex","7/610","139/15247",0.321780648550551,0.899367629000667,0.791580386209845,"Atp5mc1/Atp5mc3/Atp5mj/Atp5pf/Atp5f1a/Dpf1/Smarca1",7
"GO:0097440","GO:0097440","apical dendrite","2/610","29/15247",0.324152790491242,0.899367629000667,0.791580386209845,"Ykt6/Slc4a10",2
"GO:0032587","GO:0032587","ruffle membrane","4/610","72/15247",0.325362227271078,0.899367629000667,0.791580386209845,"Tiam1/Psd3/Inpp5j/Nme1",4
"GO:0005892","GO:0005892","acetylcholine-gated channel complex","1/610","10/15247",0.335303664708998,0.899367629000667,0.791580386209845,"Chrna4",1
"GO:0032437","GO:0032437","cuticular plate","1/610","10/15247",0.335303664708998,0.899367629000667,0.791580386209845,"Pvalb",1
"GO:0033391","GO:0033391","chromatoid body","1/610","10/15247",0.335303664708998,0.899367629000667,0.791580386209845,"Marcks",1
"GO:0044224","GO:0044224","juxtaparanode region of axon","1/610","10/15247",0.335303664708998,0.899367629000667,0.791580386209845,"Dlg4",1
"GO:0071598","GO:0071598","neuronal ribonucleoprotein granule","1/610","10/15247",0.335303664708998,0.899367629000667,0.791580386209845,"Arc",1
"GO:0097539","GO:0097539","ciliary transition fiber","1/610","10/15247",0.335303664708998,0.899367629000667,0.791580386209845,"Cenpf",1
"GO:0097648","GO:0097648","G protein-coupled receptor complex","1/610","10/15247",0.335303664708998,0.899367629000667,0.791580386209845,"Ramp1",1
"GO:0098837","GO:0098837","postsynaptic recycling endosome","1/610","10/15247",0.335303664708998,0.899367629000667,0.791580386209845,"Akap5",1
"GO:0016528","GO:0016528","sarcoplasm","5/610","97/15247",0.347272771671932,0.899367629000667,0.791580386209845,"Casq1/Jph2/Thbs4/Fabp3/Fsd2",5
"GO:0016529","GO:0016529","sarcoplasmic reticulum","4/610","75/15247",0.352849291595223,0.899367629000667,0.791580386209845,"Casq1/Jph2/Thbs4/Fsd2",4
"GO:0008305","GO:0008305","integrin complex","2/610","31/15247",0.353677586634244,0.899367629000667,0.791580386209845,"Itgb6/Itgbl1",2
"GO:0008328","GO:0008328","ionotropic glutamate receptor complex","2/610","31/15247",0.353677586634244,0.899367629000667,0.791580386209845,"Gria3/Dlg4",2
"GO:0098878","GO:0098878","neurotransmitter receptor complex","2/610","31/15247",0.353677586634244,0.899367629000667,0.791580386209845,"Gria3/Dlg4",2
"GO:0099523","GO:0099523","presynaptic cytosol","2/610","31/15247",0.353677586634244,0.899367629000667,0.791580386209845,"Ncs1/Marcks",2
"GO:0000307","GO:0000307","cyclin-dependent protein kinase holoenzyme complex","3/610","53/15247",0.356551543373925,0.899367629000667,0.791580386209845,"Ccnd2/Ccne2/Ccnd1",3
"GO:0098636","GO:0098636","protein complex involved in cell adhesion","3/610","53/15247",0.356551543373925,0.899367629000667,0.791580386209845,"Itgb6/Tnc/Itgbl1",3
"GO:0000235","GO:0000235","astral microtubule","1/610","11/15247",0.361914202513521,0.899367629000667,0.791580386209845,"Map9",1
"GO:0019814","GO:0019814","immunoglobulin complex","1/610","11/15247",0.361914202513521,0.899367629000667,0.791580386209845,"Ighg2c",1
"GO:0030062","GO:0030062","mitochondrial tricarboxylic acid cycle enzyme complex","1/610","11/15247",0.361914202513521,0.899367629000667,0.791580386209845,"Idh3a",1
"GO:0030122","GO:0030122","AP-2 adaptor complex","1/610","11/15247",0.361914202513521,0.899367629000667,0.791580386209845,"Ston2",1
"GO:0035631","GO:0035631","CD40 receptor complex","1/610","11/15247",0.361914202513521,0.899367629000667,0.791580386209845,"Traf3",1
"GO:0042589","GO:0042589","zymogen granule membrane","1/610","11/15247",0.361914202513521,0.899367629000667,0.791580386209845,"Slc30a2",1
"GO:0099535","GO:0099535","synapse-associated extracellular matrix","1/610","11/15247",0.361914202513521,0.899367629000667,0.791580386209845,"Tnc",1
"GO:1902711","GO:1902711","GABA-A receptor complex","1/610","11/15247",0.361914202513521,0.899367629000667,0.791580386209845,"Gabrg1",1
"GO:0005818","GO:0005818","aster","1/610","12/15247",0.387461087290809,0.934862507126079,0.822821280844006,"Map9",1
"GO:0017101","GO:0017101","aminoacyl-tRNA synthetase multienzyme complex","1/610","12/15247",0.387461087290809,0.934862507126079,0.822821280844006,"Aimp2",1
"GO:0030128","GO:0030128","clathrin coat of endocytic vesicle","1/610","12/15247",0.387461087290809,0.934862507126079,0.822821280844006,"Ston2",1
"GO:0030669","GO:0030669","clathrin-coated endocytic vesicle membrane","1/610","12/15247",0.387461087290809,0.934862507126079,0.822821280844006,"Ston2",1
"GO:1904090","GO:1904090","peptidase inhibitor complex","1/610","12/15247",0.387461087290809,0.934862507126079,0.822821280844006,"Serpinb6b",1
"GO:0045121","GO:0045121","membrane raft","12/610","273/15247",0.411098691928229,0.946312984112782,0.83289944321404,"Ptgis/Akap5/Has2/Arc/Atp5f1a/Atp1b1/Thy1/Card11/Mdga1/Kdr/Serpinh1/Tuba1a",12
"GO:0031941","GO:0031941","filamentous actin","2/610","35/15247",0.411218453662242,0.946312984112782,0.83289944321404,"Smtnl2/Dusp22",2
"GO:0005940","GO:0005940","septin ring","1/610","13/15247",0.411986767418975,0.946312984112782,0.83289944321404,"Septin6",1
"GO:0031105","GO:0031105","septin complex","1/610","13/15247",0.411986767418975,0.946312984112782,0.83289944321404,"Septin6",1
"GO:1902710","GO:1902710","GABA receptor complex","1/610","13/15247",0.411986767418975,0.946312984112782,0.83289944321404,"Gabrg1",1
"GO:0098857","GO:0098857","membrane microdomain","12/610","274/15247",0.416016372765267,0.946312984112782,0.83289944321404,"Ptgis/Akap5/Has2/Arc/Atp5f1a/Atp1b1/Thy1/Card11/Mdga1/Kdr/Serpinh1/Tuba1a",12
"GO:0097386","GO:0097386","glial cell projection","2/610","36/15247",0.4252158709647,0.946312984112782,0.83289944321404,"Cnga3/Kcnk2",2
"GO:0005777","GO:0005777","peroxisome","6/610","131/15247",0.42725054580919,0.946312984112782,0.83289944321404,"Fndc5/Phyh/Nudt7/Idi1/Serhl/Plaat3",6
"GO:0042579","GO:0042579","microbody","6/610","131/15247",0.42725054580919,0.946312984112782,0.83289944321404,"Fndc5/Phyh/Nudt7/Idi1/Serhl/Plaat3",6
"GO:0016328","GO:0016328","lateral plasma membrane","3/610","60/15247",0.432729370778625,0.946312984112782,0.83289944321404,"Slc16a3/Atp1b1/Kcnb1",3
"GO:0001518","GO:0001518","voltage-gated sodium channel complex","1/610","14/15247",0.435531999916967,0.946312984112782,0.83289944321404,"Scn1b",1
"GO:0031010","GO:0031010","ISWI-type complex","1/610","14/15247",0.435531999916967,0.946312984112782,0.83289944321404,"Smarca1",1
"GO:0031588","GO:0031588","nucleotide-activated protein kinase complex","1/610","14/15247",0.435531999916967,0.946312984112782,0.83289944321404,"Prkag3",1
"GO:0033178","GO:0033178","proton-transporting two-sector ATPase complex, catalytic domain","1/610","14/15247",0.435531999916967,0.946312984112782,0.83289944321404,"Atp5f1a",1
"GO:0043240","GO:0043240","Fanconi anaemia nuclear complex","1/610","14/15247",0.435531999916967,0.946312984112782,0.83289944321404,"Faap100",1
"GO:0070938","GO:0070938","contractile ring","1/610","14/15247",0.435531999916967,0.946312984112782,0.83289944321404,"Myh2",1
"GO:0098637","GO:0098637","protein complex involved in cell-matrix adhesion","1/610","14/15247",0.435531999916967,0.946312984112782,0.83289944321404,"Tnc",1
"GO:0098890","GO:0098890","extrinsic component of postsynaptic membrane","1/610","14/15247",0.435531999916967,0.946312984112782,0.83289944321404,"Tiam1",1
"GO:0140672","GO:0140672","ATAC complex","1/610","14/15247",0.435531999916967,0.946312984112782,0.83289944321404,"Pole4",1
"GO:0097729","GO:0097729","9+2 motile cilium","6/610","134/15247",0.448645729209255,0.955409074663712,0.840905387211942,"Atp1a4/Atp1b1/Iqcg/Septin6/Cfap119/Marcks",6
"GO:0043235","GO:0043235","receptor complex","14/610","331/15247",0.454387615855587,0.955409074663712,0.840905387211942,"Gabrg1/Gria3/Arnt2/Dlg4/Traf3/Tfrc/Itgb6/Chrna4/Cntfr/Ret/Plxnd1/Itgbl1/Ramp1/Kdr",14
"GO:0002177","GO:0002177","manchette","1/610","15/15247",0.45813591773031,0.955409074663712,0.840905387211942,"Iqcg",1
"GO:0005662","GO:0005662","DNA replication factor A complex","1/610","15/15247",0.45813591773031,0.955409074663712,0.840905387211942,"E2f6",1
"GO:0030061","GO:0030061","mitochondrial crista","1/610","15/15247",0.45813591773031,0.955409074663712,0.840905387211942,"Fdx1",1
"GO:0032156","GO:0032156","septin cytoskeleton","1/610","15/15247",0.45813591773031,0.955409074663712,0.840905387211942,"Septin6",1
"GO:0033268","GO:0033268","node of Ranvier","1/610","15/15247",0.45813591773031,0.955409074663712,0.840905387211942,"Scn1b",1
"GO:0071565","GO:0071565","nBAF complex","1/610","15/15247",0.45813591773031,0.955409074663712,0.840905387211942,"Dpf1",1
"GO:0043230","GO:0043230","extracellular organelle","4/610","89/15247",0.479184326221479,0.980945710112761,0.863381512768873,"Has2/Arc/Tfrc/Alpl",4
"GO:0065010","GO:0065010","extracellular membrane-bounded organelle","4/610","89/15247",0.479184326221479,0.980945710112761,0.863381512768873,"Has2/Arc/Tfrc/Alpl",4
"GO:0000421","GO:0000421","autophagosome membrane","2/610","40/15247",0.479371037972608,0.980945710112761,0.863381512768873,"Entpd4b/Entpd4",2
"GO:0097449","GO:0097449","astrocyte projection","1/610","16/15247",0.479836094344315,0.980945710112761,0.863381512768873,"Kcnk2",1
"GO:0000922","GO:0000922","spindle pole","6/610","139/15247",0.483886864277085,0.984377689583285,0.86640217700799,"Kif11/Cenpf/Aurka/Rmdn1/Calm2/Eml1",6
"GO:0030665","GO:0030665","clathrin-coated vesicle membrane","2/610","42/15247",0.50525285549763,0.999932092755842,0.880092418988655,"Ston2/Rab3a",2
"GO:0005874","GO:0005874","microtubule","17/610","421/15247",0.519900707541134,0.999932092755842,0.880092418988655,"Tiam1/Kif11/Tppp3/Dynll2/Sybu/Rassf3/Stau2/Kif26b/Aurka/Rmdn1/Map9/Calm2/Kif15/Bag2/Eml1/Marcks/Tuba1a",17
"GO:0005666","GO:0005666","RNA polymerase III complex","1/610","18/15247",0.520668090429785,0.999932092755842,0.880092418988655,"Polr3k",1
"GO:0030132","GO:0030132","clathrin coat of coated pit","1/610","18/15247",0.520668090429785,0.999932092755842,0.880092418988655,"Ston2",1
"GO:0031430","GO:0031430","M band","1/610","18/15247",0.520668090429785,0.999932092755842,0.880092418988655,"Ank2",1
"GO:0042575","GO:0042575","DNA polymerase complex","1/610","18/15247",0.520668090429785,0.999932092755842,0.880092418988655,"Pole4",1
"GO:0042588","GO:0042588","zymogen granule","1/610","18/15247",0.520668090429785,0.999932092755842,0.880092418988655,"Slc30a2",1
"GO:0043034","GO:0043034","costamere","1/610","18/15247",0.520668090429785,0.999932092755842,0.880092418988655,"Ank2",1
"GO:0001669","GO:0001669","acrosomal vesicle","4/610","94/15247",0.522125815570098,0.999932092755842,0.880092418988655,"Cyp51/Skil/Rab3a/Cfap119",4
"GO:0043073","GO:0043073","germ cell nucleus","3/610","70/15247",0.535002477792526,0.999932092755842,0.880092418988655,"Top2a/Aurka/Marcks",3
"GO:0031616","GO:0031616","spindle pole centrosome","1/610","19/15247",0.539867805764858,0.999932092755842,0.880092418988655,"Aurka",1
"GO:0032039","GO:0032039","integrator complex","1/610","19/15247",0.539867805764858,0.999932092755842,0.880092418988655,"Esrrb",1
"GO:0034361","GO:0034361","very-low-density lipoprotein particle","1/610","19/15247",0.539867805764858,0.999932092755842,0.880092418988655,"Apoh",1
"GO:0034385","GO:0034385","triglyceride-rich plasma lipoprotein particle","1/610","19/15247",0.539867805764858,0.999932092755842,0.880092418988655,"Apoh",1
"GO:0097228","GO:0097228","sperm principal piece","1/610","19/15247",0.539867805764858,0.999932092755842,0.880092418988655,"Cfap119",1
"GO:0044391","GO:0044391","ribosomal subunit","8/610","199/15247",0.545288753056162,0.999932092755842,0.880092418988655,"Mrpl45/Mrpl28/Mrpl19/Mrpl46/Mrpl48/Mrpl12/Mrps6/Mrpl18",8
"GO:0120111","GO:0120111","neuron projection cytoplasm","2/610","46/15247",0.554439796215023,0.999932092755842,0.880092418988655,"Dlg4/Arc",2
"GO:0001741","GO:0001741","XY body","1/610","20/15247",0.558299683784522,0.999932092755842,0.880092418988655,"Dnmt3a",1
"GO:0044233","GO:0044233","mitochondria-associated endoplasmic reticulum membrane","1/610","20/15247",0.558299683784522,0.999932092755842,0.880092418988655,"Tmx2",1
"GO:0099522","GO:0099522","cytosolic region","2/610","47/15247",0.566183356828026,0.999932092755842,0.880092418988655,"Ncs1/Marcks",2
"GO:1902493","GO:1902493","acetyltransferase complex","4/610","100/15247",0.571311698885064,0.999932092755842,0.880092418988655,"Dlat/Pdhx/Pdhb/Pole4",4
"GO:0016580","GO:0016580","Sin3 complex","1/610","21/15247",0.575994383521269,0.999932092755842,0.880092418988655,"Tet1",1
"GO:0032982","GO:0032982","myosin filament","1/610","21/15247",0.575994383521269,0.999932092755842,0.880092418988655,"Myh2",1
"GO:0043218","GO:0043218","compact myelin","1/610","21/15247",0.575994383521269,0.999932092755842,0.880092418988655,"Cd59b",1
"GO:0098992","GO:0098992","neuronal dense core vesicle","1/610","21/15247",0.575994383521269,0.999932092755842,0.880092418988655,"Igf1",1
"GO:0009295","GO:0009295","nucleoid","2/610","48/15247",0.577702258020607,0.999932092755842,0.880092418988655,"Sod2/Mterf2",2
"GO:0042645","GO:0042645","mitochondrial nucleoid","2/610","48/15247",0.577702258020607,0.999932092755842,0.880092418988655,"Sod2/Mterf2",2
"GO:0098686","GO:0098686","hippocampal mossy fiber to CA3 synapse","2/610","48/15247",0.577702258020607,0.999932092755842,0.880092418988655,"C1ql3/Syt9",2
"GO:0098685","GO:0098685","Schaffer collateral - CA1 synapse","5/610","127/15247",0.578185949479235,0.999932092755842,0.880092418988655,"Ptprs/Wnt5a/Pde4a/Ntng2/Lrrc4",5
"GO:0016363","GO:0016363","nuclear matrix","4/610","101/15247",0.579230951482141,0.999932092755842,0.880092418988655,"Sparc/Dnmt3a/Hes1/Cenpf",4
"GO:0097731","GO:0097731","9+0 non-motile cilium","4/610","102/15247",0.58706607681254,0.999932092755842,0.880092418988655,"Atp1a4/Dynll2/Cnga3/Phyh",4
"GO:0097730","GO:0097730","non-motile cilium","5/610","129/15247",0.592142861502795,0.999932092755842,0.880092418988655,"Tiam1/Atp1a4/Dynll2/Cnga3/Phyh",5
"GO:0000940","GO:0000940","outer kinetochore","1/610","22/15247",0.59298134175403,0.999932092755842,0.880092418988655,"Cenpf",1
"GO:0005921","GO:0005921","gap junction","1/610","22/15247",0.59298134175403,0.999932092755842,0.880092418988655,"Ccn3",1
"GO:0031462","GO:0031462","Cul2-RING ubiquitin ligase complex","1/610","22/15247",0.59298134175403,0.999932092755842,0.880092418988655,"Klhdc10",1
"GO:0070822","GO:0070822","Sin3-type complex","1/610","22/15247",0.59298134175403,0.999932092755842,0.880092418988655,"Tet1",1
"GO:0034704","GO:0034704","calcium channel complex","2/610","50/15247",0.60006311719586,0.999932092755842,0.880092418988655,"Calm2/Cacna2d4",2
"GO:0000242","GO:0000242","pericentriolar material","1/610","23/15247",0.609288821657481,0.999932092755842,0.880092418988655,"Tiam1",1
"GO:0005868","GO:0005868","cytoplasmic dynein complex","1/610","23/15247",0.609288821657481,0.999932092755842,0.880092418988655,"Dynll2",1
"GO:0034364","GO:0034364","high-density lipoprotein particle","1/610","23/15247",0.609288821657481,0.999932092755842,0.880092418988655,"Apoh",1
"GO:0034706","GO:0034706","sodium channel complex","1/610","23/15247",0.609288821657481,0.999932092755842,0.880092418988655,"Scn1b",1
"GO:0043194","GO:0043194","axon initial segment","1/610","23/15247",0.609288821657481,0.999932092755842,0.880092418988655,"Cnga3",1
"GO:0043601","GO:0043601","nuclear replisome","1/610","23/15247",0.609288821657481,0.999932092755842,0.880092418988655,"E2f6",1
"GO:0045334","GO:0045334","clathrin-coated endocytic vesicle","1/610","23/15247",0.609288821657481,0.999932092755842,0.880092418988655,"Ston2",1
"GO:0032421","GO:0032421","stereocilium bundle","2/610","51/15247",0.610904626687803,0.999932092755842,0.880092418988655,"Tiam1/Pvalb",2
"GO:0031514","GO:0031514","motile cilium","7/610","185/15247",0.613421650431936,0.999932092755842,0.880092418988655,"Atp1a4/Cep20/Atp1b1/Iqcg/Septin6/Cfap119/Marcks",7
"GO:0030131","GO:0030131","clathrin adaptor complex","1/610","24/15247",0.624943959518026,0.999932092755842,0.880092418988655,"Ston2",1
"GO:0030894","GO:0030894","replisome","1/610","24/15247",0.624943959518026,0.999932092755842,0.880092418988655,"E2f6",1
"GO:0043505","GO:0043505","CENP-A containing nucleosome","1/610","24/15247",0.624943959518026,0.999932092755842,0.880092418988655,"H4c9",1
"GO:0061638","GO:0061638","CENP-A containing chromatin","1/610","24/15247",0.624943959518026,0.999932092755842,0.880092418988655,"H4c9",1
"GO:1903561","GO:1903561","extracellular vesicle","3/610","80/15247",0.625995151650122,0.999932092755842,0.880092418988655,"Has2/Arc/Tfrc",3
"GO:0030864","GO:0030864","cortical actin cytoskeleton","3/610","81/15247",0.634390797819222,0.999932092755842,0.880092418988655,"Pvalb/Myh2/Sptbn2",3
"GO:0005911","GO:0005911","cell-cell junction","17/610","452/15247",0.638793026302835,0.999932092755842,0.880092418988655,"Tiam1/Scn1b/Dlg4/Ildr1/Pcdh12/Atp1b1/Kirrel3/Ank2/Myh2/Ssx2ip/Ccn3/Sh3kbp1/Tmem65/Sptbn2/Ccnd1/Fndc1/Ccdc85c",17
"GO:0034506","GO:0034506","chromosome, centromeric core domain","1/610","25/15247",0.639972809593176,0.999932092755842,0.880092418988655,"H4c9",1
"GO:0005741","GO:0005741","mitochondrial outer membrane","7/610","191/15247",0.64673931291213,0.999932092755842,0.880092418988655,"Tomm40l/Rtn4ip1/Gpam/Rhot2/Gdap1/Nme1/Tomm5",7
"GO:0099524","GO:0099524","postsynaptic cytosol","1/610","27/15247",0.668250710019291,0.999932092755842,0.880092418988655,"Ncs1",1
"GO:0005882","GO:0005882","intermediate filament","2/610","57/15247",0.671249349712571,0.999932092755842,0.880092418988655,"Krt222/Nme1",2
"GO:0032153","GO:0032153","cell division site","2/610","57/15247",0.671249349712571,0.999932092755842,0.880092418988655,"Myh2/Septin6",2
"GO:0030863","GO:0030863","cortical cytoskeleton","4/610","115/15247",0.68075089920981,0.999932092755842,0.880092418988655,"Pvalb/Dlg4/Myh2/Sptbn2",4
"GO:0005879","GO:0005879","axonemal microtubule","1/610","28/15247",0.681546837935732,0.999932092755842,0.880092418988655,"Tuba1a",1
"GO:0030125","GO:0030125","clathrin vesicle coat","1/610","28/15247",0.681546837935732,0.999932092755842,0.880092418988655,"Ston2",1
"GO:0099243","GO:0099243","extrinsic component of synaptic membrane","1/610","28/15247",0.681546837935732,0.999932092755842,0.880092418988655,"Tiam1",1
"GO:0005834","GO:0005834","heterotrimeric G-protein complex","1/610","29/15247",0.69431091105875,0.999932092755842,0.880092418988655,"Gnb5",1
"GO:0032839","GO:0032839","dendrite cytoplasm","1/610","29/15247",0.69431091105875,0.999932092755842,0.880092418988655,"Dlg4",1
"GO:0001750","GO:0001750","photoreceptor outer segment","2/610","60/15247",0.698464118493027,0.999932092755842,0.880092418988655,"Atp1a4/Cnga3",2
"GO:0005891","GO:0005891","voltage-gated calcium channel complex","1/610","30/15247",0.706564186407295,0.999932092755842,0.880092418988655,"Cacna2d4",1
"GO:0005776","GO:0005776","autophagosome","3/610","91/15247",0.711058612995143,0.999932092755842,0.880092418988655,"Entpd4b/Trp53inp2/Entpd4",3
"GO:0030175","GO:0030175","filopodium","3/610","92/15247",0.717999591397071,0.999932092755842,0.880092418988655,"Akap5/Srcin1/Fzd9",3
"GO:0034358","GO:0034358","plasma lipoprotein particle","1/610","31/15247",0.718327073066397,0.999932092755842,0.880092418988655,"Apoh",1
"GO:0080008","GO:0080008","Cul4-RING E3 ubiquitin ligase complex","1/610","31/15247",0.718327073066397,0.999932092755842,0.880092418988655,"Dcaf12l1",1
"GO:1990777","GO:1990777","lipoprotein particle","1/610","31/15247",0.718327073066397,0.999932092755842,0.880092418988655,"Apoh",1
"GO:0043195","GO:0043195","terminal bouton","2/610","63/15247",0.723785290815249,0.999932092755842,0.880092418988655,"Gria3/Rab3a",2
"GO:0000314","GO:0000314","organellar small ribosomal subunit","1/610","32/15247",0.729619165957399,0.999932092755842,0.880092418988655,"Mrps6",1
"GO:0005763","GO:0005763","mitochondrial small ribosomal subunit","1/610","32/15247",0.729619165957399,0.999932092755842,0.880092418988655,"Mrps6",1
"GO:0071339","GO:0071339","MLL1 complex","1/610","32/15247",0.729619165957399,0.999932092755842,0.880092418988655,"E2f6",1
"GO:0005905","GO:0005905","clathrin-coated pit","2/610","65/15247",0.739650320705903,0.999932092755842,0.880092418988655,"Ston2/Tfrc",2
"GO:0008180","GO:0008180","COP9 signalosome","1/610","33/15247",0.740459278265384,0.999932092755842,0.880092418988655,"Atp5f1a",1
"GO:0031312","GO:0031312","extrinsic component of organelle membrane","1/610","33/15247",0.740459278265384,0.999932092755842,0.880092418988655,"Dusp18",1
"GO:0044665","GO:0044665","MLL1/2 complex","1/610","33/15247",0.740459278265384,0.999932092755842,0.880092418988655,"E2f6",1
"GO:0031234","GO:0031234","extrinsic component of cytoplasmic side of plasma membrane","2/610","66/15247",0.747287007903947,0.999932092755842,0.880092418988655,"Gnb5/Ank2",2
"GO:0019867","GO:0019867","outer membrane","7/610","212/15247",0.749143487994083,0.999932092755842,0.880092418988655,"Tomm40l/Rtn4ip1/Gpam/Rhot2/Gdap1/Nme1/Tomm5",7
"GO:0031968","GO:0031968","organelle outer membrane","7/610","212/15247",0.749143487994083,0.999932092755842,0.880092418988655,"Tomm40l/Rtn4ip1/Gpam/Rhot2/Gdap1/Nme1/Tomm5",7
"GO:0032994","GO:0032994","protein-lipid complex","1/610","34/15247",0.750865472577078,0.999932092755842,0.880092418988655,"Apoh",1
"GO:0019897","GO:0019897","extrinsic component of plasma membrane","4/610","127/15247",0.753093218476653,0.999932092755842,0.880092418988655,"Tiam1/Scube2/Gnb5/Ank2",4
"GO:0005881","GO:0005881","cytoplasmic microtubule","3/610","98/15247",0.756948038024696,0.999932092755842,0.880092418988655,"Sybu/Map9/Tuba1a",3
"GO:1905360","GO:1905360","GTPase complex","1/610","35/15247",0.760855090780456,0.999932092755842,0.880092418988655,"Gnb5",1
"GO:0031965","GO:0031965","nuclear membrane","8/610","243/15247",0.761228525717711,0.999932092755842,0.880092418988655,"Ccnd2/Slc16a3/Stau2/Cenpf/Smox/Mad2l1bp/Clca2/Rap1gap2",8
"GO:0034399","GO:0034399","nuclear periphery","4/610","129/15247",0.763832978409588,0.999932092755842,0.880092418988655,"Sparc/Dnmt3a/Hes1/Cenpf",4
"GO:0009898","GO:0009898","cytoplasmic side of plasma membrane","5/610","159/15247",0.767513806570594,0.999932092755842,0.880092418988655,"Akap5/Traf3/Gnb5/Ank2/Ptpn3",5
"GO:0005840","GO:0005840","ribosome","8/610","245/15247",0.769017245641056,0.999932092755842,0.880092418988655,"Mrpl45/Mrpl28/Mrpl19/Mrpl46/Mrpl48/Mrpl12/Mrps6/Mrpl18",8
"GO:0016592","GO:0016592","mediator complex","1/610","36/15247",0.770444782775191,0.999932092755842,0.880092418988655,"Ppargc1b",1
"GO:0032154","GO:0032154","cleavage furrow","1/610","36/15247",0.770444782775191,0.999932092755842,0.880092418988655,"Septin6",1
"GO:0101031","GO:0101031","protein folding chaperone complex","1/610","36/15247",0.770444782775191,0.999932092755842,0.880092418988655,"Bag2",1
"GO:1902911","GO:1902911","protein kinase complex","4/610","131/15247",0.774205876164615,0.999932092755842,0.880092418988655,"Ccnd2/Prkag3/Ccne2/Ccnd1",4
"GO:0017053","GO:0017053","transcription repressor complex","2/610","70/15247",0.775935293807156,0.999932092755842,0.880092418988655,"Bhlhe41/Ccnd1",2
"GO:0097225","GO:0097225","sperm midpiece","1/610","37/15247",0.779650534041192,0.999932092755842,0.880092418988655,"Atp1a4",1
"GO:0000803","GO:0000803","sex chromosome","1/610","38/15247",0.788487692110546,0.999932092755842,0.880092418988655,"Dnmt3a",1
"GO:0070461","GO:0070461","SAGA-type complex","1/610","38/15247",0.788487692110546,0.999932092755842,0.880092418988655,"Pole4",1
"GO:0015629","GO:0015629","actin cytoskeleton","16/610","473/15247",0.789572536622837,0.999932092755842,0.880092418988655,"Pvalb/Dynll2/Rflnb/Arc/Myh2/Iqcg/Srcin1/Smtnl2/Myoz3/Msra/Myl3/Myl1/Sptbn2/Actc1/Dusp22/Marcks",16
"GO:0099092","GO:0099092","postsynaptic density, intracellular component","1/610","39/15247",0.796970991986446,0.999932092755842,0.880092418988655,"Akap5",1
"GO:0005923","GO:0005923","bicellular tight junction","3/610","106/15247",0.801996163409269,0.999932092755842,0.880092418988655,"Ildr1/Ccnd1/Ccdc85c",3
"GO:0019898","GO:0019898","extrinsic component of membrane","6/610","197/15247",0.805059784052486,0.999932092755842,0.880092418988655,"Tiam1/Scube2/Pde4a/Gnb5/Ank2/Dusp18",6
"GO:0043596","GO:0043596","nuclear replication fork","1/610","40/15247",0.805114580550904,0.999932092755842,0.880092418988655,"E2f6",1
"GO:0010494","GO:0010494","cytoplasmic stress granule","2/610","75/15247",0.807721645493078,0.999932092755842,0.880092418988655,"Mcrip2/Stau2",2
"GO:0001772","GO:0001772","immunological synapse","1/610","41/15247",0.812932040001416,0.999932092755842,0.880092418988655,"Card11",1
"GO:0005791","GO:0005791","rough endoplasmic reticulum","1/610","41/15247",0.812932040001416,0.999932092755842,0.880092418988655,"Pkm",1
"GO:0030119","GO:0030119","AP-type membrane coat adaptor complex","1/610","41/15247",0.812932040001416,0.999932092755842,0.880092418988655,"Ston2",1
"GO:0072686","GO:0072686","mitotic spindle","5/610","171/15247",0.819214040663502,0.999932092755842,0.880092418988655,"Kif11/Aurka/Rmdn1/Map9/Eml1",5
"GO:0030666","GO:0030666","endocytic vesicle membrane","1/610","42/15247",0.820436410355167,0.999932092755842,0.880092418988655,"Ston2",1
"GO:0031201","GO:0031201","SNARE complex","1/610","42/15247",0.820436410355167,0.999932092755842,0.880092418988655,"Ykt6",1
"GO:0044232","GO:0044232","organelle membrane contact site","1/610","42/15247",0.820436410355167,0.999932092755842,0.880092418988655,"Tmx2",1
"GO:0032420","GO:0032420","stereocilium","1/610","43/15247",0.827640211057788,0.999932092755842,0.880092418988655,"Pvalb",1
"GO:0016605","GO:0016605","PML body","2/610","79/15247",0.830194734397791,0.999932092755842,0.880092418988655,"Skil/Trim16",2
"GO:0005871","GO:0005871","kinesin complex","1/610","44/15247",0.834555461732265,0.999932092755842,0.880092418988655,"Kif15",1
"GO:0030118","GO:0030118","clathrin coat","1/610","44/15247",0.834555461732265,0.999932092755842,0.880092418988655,"Ston2",1
"GO:0070160","GO:0070160","tight junction","3/610","114/15247",0.839826338211347,0.999932092755842,0.880092418988655,"Ildr1/Ccnd1/Ccdc85c",3
"GO:0030286","GO:0030286","dynein complex","1/610","45/15247",0.841193702102147,0.999932092755842,0.880092418988655,"Dynll2",1
"GO:1902554","GO:1902554","serine/threonine protein kinase complex","3/610","115/15247",0.844087287470317,0.999932092755842,0.880092418988655,"Ccnd2/Ccne2/Ccnd1",3
"GO:0001917","GO:0001917","photoreceptor inner segment","1/610","46/15247",0.847566011121861,0.999932092755842,0.880092418988655,"Sptbn2",1
"GO:0005771","GO:0005771","multivesicular body","1/610","46/15247",0.847566011121861,0.999932092755842,0.880092418988655,"Steap3",1
"GO:0000118","GO:0000118","histone deacetylase complex","2/610","83/15247",0.850273824584827,0.999932092755842,0.880092418988655,"Hr/Tet1",2
"GO:0030662","GO:0030662","coated vesicle membrane","2/610","83/15247",0.850273824584827,0.999932092755842,0.880092418988655,"Ston2/Rab3a",2
"GO:0099091","GO:0099091","postsynaptic specialization, intracellular component","1/610","47/15247",0.85368302534564,0.999932092755842,0.880092418988655,"Akap5",1
"GO:0001726","GO:0001726","ruffle","4/610","150/15247",0.855624102869594,0.999932092755842,0.880092418988655,"Tiam1/Psd3/Inpp5j/Nme1",4
"GO:0008287","GO:0008287","protein serine/threonine phosphatase complex","1/610","49/15247",0.865191608746067,0.999932092755842,0.880092418988655,"Akap5",1
"GO:1903293","GO:1903293","phosphatase complex","1/610","49/15247",0.865191608746067,0.999932092755842,0.880092418988655,"Akap5",1
"GO:0098862","GO:0098862","cluster of actin-based cell projections","4/610","154/15247",0.869167307429786,0.999932092755842,0.880092418988655,"Tiam1/Pvalb/Slc9a2/Cybrd1",4
"GO:0044853","GO:0044853","plasma membrane raft","3/610","122/15247",0.871247286184337,0.999932092755842,0.880092418988655,"Ptgis/Has2/Atp1b1",3
"GO:0009897","GO:0009897","external side of plasma membrane","11/610","368/15247",0.875542733619227,0.999932092755842,0.880092418988655,"Cd83/Tfrc/Itgb6/Prnd/Chrna4/Cntfr/Cxcl9/Cd27/Thy1/Kdr/Cd59b",11
"GO:0098562","GO:0098562","cytoplasmic side of membrane","5/610","188/15247",0.876185992928446,0.999932092755842,0.880092418988655,"Akap5/Traf3/Gnb5/Ank2/Ptpn3",5
"GO:0031901","GO:0031901","early endosome membrane","2/610","89/15247",0.876360500332843,0.999932092755842,0.880092418988655,"Ldlrad4/Dagla",2
"GO:0097733","GO:0097733","photoreceptor cell cilium","2/610","89/15247",0.876360500332843,0.999932092755842,0.880092418988655,"Atp1a4/Cnga3",2
"GO:0000775","GO:0000775","chromosome, centromeric region","7/610","252/15247",0.882017400953779,0.999932092755842,0.880092418988655,"Dnmt3a/Top2a/Cenpf/Suv39h2/Aurka/Septin6/H4c9",7
"GO:0045111","GO:0045111","intermediate filament cytoskeleton","2/610","91/15247",0.88408076539586,0.999932092755842,0.880092418988655,"Krt222/Nme1",2
"GO:0005901","GO:0005901","caveola","2/610","92/15247",0.887771458151388,0.999932092755842,0.880092418988655,"Ptgis/Atp1b1",2
"GO:0005875","GO:0005875","microtubule associated complex","3/610","127/15247",0.888003358362316,0.999932092755842,0.880092418988655,"Dynll2/Aurka/Kif15",3
"GO:0005884","GO:0005884","actin filament","3/610","127/15247",0.888003358362316,0.999932092755842,0.880092418988655,"Smtnl2/Actc1/Dusp22",3
"GO:0000792","GO:0000792","heterochromatin","2/610","93/15247",0.891353014806864,0.999932092755842,0.880092418988655,"Dnmt3a/Suv39h2",2
"GO:0070603","GO:0070603","SWI/SNF superfamily-type complex","2/610","93/15247",0.891353014806864,0.999932092755842,0.880092418988655,"Dpf1/Smarca1",2
"GO:0036064","GO:0036064","ciliary basal body","4/610","162/15247",0.893002171107449,0.999932092755842,0.880092418988655,"Cep20/Cenpf/Aurka/Ssx2ip",4
"GO:0030120","GO:0030120","vesicle coat","1/610","55/15247",0.894572262902636,0.999932092755842,0.880092418988655,"Ston2",1
"GO:0031526","GO:0031526","brush border membrane","1/610","55/15247",0.894572262902636,0.999932092755842,0.880092418988655,"Cybrd1",1
"GO:0055038","GO:0055038","recycling endosome membrane","1/610","55/15247",0.894572262902636,0.999932092755842,0.880092418988655,"Tfrc",1
"GO:0043296","GO:0043296","apical junction complex","3/610","130/15247",0.897096218209694,0.999932092755842,0.880092418988655,"Ildr1/Ccnd1/Ccdc85c",3
"GO:0000786","GO:0000786","nucleosome","2/610","96/15247",0.901470690206085,0.999932092755842,0.880092418988655,"H4c9/H3c15",2
"GO:0032432","GO:0032432","actin filament bundle","2/610","97/15247",0.904643275041485,0.999932092755842,0.880092418988655,"Rflnb/Marcks",2
"GO:0001673","GO:0001673","male germ cell nucleus","1/610","58/15247",0.90676956224214,0.999932092755842,0.880092418988655,"Top2a",1
"GO:0061695","GO:0061695","transferase complex, transferring phosphorus-containing groups","7/610","266/15247",0.911857054245864,0.999932092755842,0.880092418988655,"Ccnd2/Prkag3/Ccne2/Pole4/Pkm/Polr3k/Ccnd1",7
"GO:0030027","GO:0030027","lamellipodium","4/610","173/15247",0.919525343225537,0.999932092755842,0.880092418988655,"Plxnd1/Abi3bp/Srcin1/Dusp22",4
"GO:0032838","GO:0032838","plasma membrane bounded cell projection cytoplasm","4/610","173/15247",0.919525343225537,0.999932092755842,0.880092418988655,"Dlg4/Arc/Cenpf/Tuba1a",4
"GO:0000791","GO:0000791","euchromatin","1/610","63/15247",0.924048120245868,0.999932092755842,0.880092418988655,"Dnmt3a",1
"GO:0030136","GO:0030136","clathrin-coated vesicle","2/610","104/15247",0.924314077474462,0.999932092755842,0.880092418988655,"Ston2/Rab3a",2
"GO:0005819","GO:0005819","spindle","9/610","343/15247",0.935068054770171,0.999932092755842,0.880092418988655,"Kif11/Cpeb1/Cenpf/Aurka/Rmdn1/Map9/Calm2/Ccdc69/Eml1",9
"GO:0034451","GO:0034451","centriolar satellite","2/610","109/15247",0.935951889582431,0.999932092755842,0.880092418988655,"Cep20/Ssx2ip",2
"GO:0055037","GO:0055037","recycling endosome","3/610","147/15247",0.937144632205452,0.999932092755842,0.880092418988655,"Akap5/Tfrc/Tuba1a",3
"GO:0098982","GO:0098982","GABA-ergic synapse","2/610","110/15247",0.938066471760874,0.999932092755842,0.880092418988655,"Grm8/Mdga1",2
"GO:0005903","GO:0005903","brush border","2/610","111/15247",0.940114739230986,0.999932092755842,0.880092418988655,"Slc9a2/Cybrd1",2
"GO:0005793","GO:0005793","endoplasmic reticulum-Golgi intermediate compartment","1/610","69/15247",0.940615105982486,0.999932092755842,0.880092418988655,"Serpinh1",1
"GO:0035097","GO:0035097","histone methyltransferase complex","1/610","70/15247",0.943001769927056,0.999932092755842,0.880092418988655,"E2f6",1
"GO:0036464","GO:0036464","cytoplasmic ribonucleoprotein granule","5/610","221/15247",0.944277069838691,0.999932092755842,0.880092418988655,"Arc/Mcrip2/Stau2/Marcks/Tuba1a",5
"GO:0098858","GO:0098858","actin-based cell projection","4/610","188/15247",0.946192811362381,0.999932092755842,0.880092418988655,"Pvalb/Akap5/Srcin1/Fzd9",4
"GO:0000793","GO:0000793","condensed chromosome","6/610","256/15247",0.946472483616808,0.999932092755842,0.880092418988655,"Top2a/Esrrb/Cenpf/Aurka/Septin6/Tuba1a",6
"GO:0005769","GO:0005769","early endosome","8/610","321/15247",0.946716733336312,0.999932092755842,0.880092418988655,"Tfrc/Ldlrad4/Trak2/Ret/Trak1/P2ry2/Dagla/Kdr",8
"GO:0070062","GO:0070062","extracellular exosome","1/610","72/15247",0.947491629149844,0.999932092755842,0.880092418988655,"Tfrc",1
"GO:0005657","GO:0005657","replication fork","1/610","73/15247",0.949602344551399,0.999932092755842,0.880092418988655,"E2f6",1
"GO:0005844","GO:0005844","polysome","1/610","73/15247",0.949602344551399,0.999932092755842,0.880092418988655,"Dazl",1
"GO:0000776","GO:0000776","kinetochore","3/610","163/15247",0.96117954881489,0.999932092755842,0.880092418988655,"Cenpf/Aurka/Septin6",3
"GO:0005930","GO:0005930","axoneme","2/610","125/15247",0.962815714033056,0.999932092755842,0.880092418988655,"Cenpf/Tuba1a",2
"GO:0015935","GO:0015935","small ribosomal subunit","1/610","81/15247",0.963707115993754,0.999932092755842,0.880092418988655,"Mrps6",1
"GO:0097014","GO:0097014","ciliary plasm","2/610","126/15247",0.96407376579707,0.999932092755842,0.880092418988655,"Cenpf/Tuba1a",2
"GO:0035770","GO:0035770","ribonucleoprotein granule","5/610","239/15247",0.96501644138798,0.999932092755842,0.880092418988655,"Arc/Mcrip2/Stau2/Marcks/Tuba1a",5
"GO:0045171","GO:0045171","intercellular bridge","1/610","83/15247",0.966568006701421,0.999932092755842,0.880092418988655,"Esrra",1
"GO:0005938","GO:0005938","cell cortex","6/610","279/15247",0.969571297024476,0.999932092755842,0.880092418988655,"Pvalb/Dlg4/Myh2/Septin6/Sptbn2/Marcks",6
"GO:0000123","GO:0000123","histone acetyltransferase complex","1/610","86/15247",0.970442720796477,0.999932092755842,0.880092418988655,"Pole4",1
"GO:0000779","GO:0000779","condensed chromosome, centromeric region","3/610","172/15247",0.97059188480232,0.999932092755842,0.880092418988655,"Cenpf/Aurka/Septin6",3
"GO:0010008","GO:0010008","endosome membrane","6/610","281/15247",0.971069121326802,0.999932092755842,0.880092418988655,"Tfrc/Ldlrad4/Steap3/Slc30a2/Ret/Dagla",6
"GO:0099568","GO:0099568","cytoplasmic region","4/610","212/15247",0.972562442924085,0.999932092755842,0.880092418988655,"Dlg4/Arc/Cenpf/Tuba1a",4
"GO:0005635","GO:0005635","nuclear envelope","10/610","418/15247",0.973779329172576,0.999932092755842,0.880092418988655,"Ccnd2/Slc16a3/Stau2/Cenpf/Smox/Mad2l1bp/Clca2/Rap1gap2/Plpp7/Plaat3",10
"GO:0005774","GO:0005774","vacuolar membrane","5/610","250/15247",0.973915331492241,0.999932092755842,0.880092418988655,"Entpd4b/Cybrd1/Slc30a2/Ostm1/Entpd4",5
"GO:0000228","GO:0000228","nuclear chromosome","4/610","214/15247",0.974097953389432,0.999932092755842,0.880092418988655,"Top2a/Pole4/Tet1/E2f6",4
"GO:0030117","GO:0030117","membrane coat","1/610","90/15247",0.974920595530854,0.999932092755842,0.880092418988655,"Ston2",1
"GO:0048475","GO:0048475","coated membrane","1/610","90/15247",0.974920595530854,0.999932092755842,0.880092418988655,"Ston2",1
"GO:0005912","GO:0005912","adherens junction","2/610","137/15247",0.975470586392945,0.999932092755842,0.880092418988655,"Ssx2ip/Ccdc85c",2
"GO:0055029","GO:0055029","nuclear DNA-directed RNA polymerase complex","1/610","91/15247",0.975929926976798,0.999932092755842,0.880092418988655,"Polr3k",1
"GO:0000428","GO:0000428","DNA-directed RNA polymerase complex","1/610","94/15247",0.978721022159375,0.999932092755842,0.880092418988655,"Polr3k",1
"GO:0030880","GO:0030880","RNA polymerase complex","1/610","96/15247",0.980399808171827,0.999932092755842,0.880092418988655,"Polr3k",1
"GO:0031248","GO:0031248","protein acetyltransferase complex","1/610","96/15247",0.980399808171827,0.999932092755842,0.880092418988655,"Pole4",1
"GO:0005770","GO:0005770","late endosome","4/610","225/15247",0.981199184720748,0.999932092755842,0.880092418988655,"Tmem25/Ddit3/Steap3/Slc30a2",4
"GO:0000323","GO:0000323","lytic vacuole","11/610","469/15247",0.98247058869243,0.999932092755842,0.880092418988655,"Tmem25/Tnfaip3/Has2/Cybrd1/Slc30a2/Rab3a/Ank2/Ostm1/Tmem150c/Plaat3/Akr1b10",11
"GO:0005764","GO:0005764","lysosome","11/610","469/15247",0.98247058869243,0.999932092755842,0.880092418988655,"Tmem25/Tnfaip3/Has2/Cybrd1/Slc30a2/Rab3a/Ank2/Ostm1/Tmem150c/Plaat3/Akr1b10",11
"GO:0030139","GO:0030139","endocytic vesicle","3/610","193/15247",0.984860326458042,0.999932092755842,0.880092418988655,"Ston2/Sh3kbp1/Cdc42ep2",3
"GO:0034708","GO:0034708","methyltransferase complex","1/610","103/15247",0.985300387171022,0.999932092755842,0.880092418988655,"E2f6",1
"GO:0045335","GO:0045335","phagocytic vesicle","1/610","106/15247",0.987006206831005,0.999932092755842,0.880092418988655,"Cdc42ep2",1
"GO:0098687","GO:0098687","chromosomal region","7/610","351/15247",0.988204574324379,0.999932092755842,0.880092418988655,"Dnmt3a/Top2a/Cenpf/Suv39h2/Aurka/Septin6/H4c9",7
"GO:0005765","GO:0005765","lysosomal membrane","3/610","201/15247",0.988305722630045,0.999932092755842,0.880092418988655,"Cybrd1/Slc30a2/Ostm1",3
"GO:0098852","GO:0098852","lytic vacuole membrane","3/610","201/15247",0.988305722630045,0.999932092755842,0.880092418988655,"Cybrd1/Slc30a2/Ostm1",3
"GO:0000139","GO:0000139","Golgi membrane","4/610","241/15247",0.988324750743259,0.999932092755842,0.880092418988655,"Entpd4b/Ldlrad4/Sptbn2/Entpd4",4
"GO:0030496","GO:0030496","midbody","2/610","160/15247",0.989124945040582,0.999932092755842,0.880092418988655,"Cenpf/Msra",2
"GO:0005925","GO:0005925","focal adhesion","2/610","165/15247",0.990909464123182,0.999932092755842,0.880092418988655,"Itgb6/Itgbl1",2
"GO:0031461","GO:0031461","cullin-RING ubiquitin ligase complex","2/610","174/15247",0.9934288392289,0.999932092755842,0.880092418988655,"Klhdc10/Dcaf12l1",2
"GO:0005814","GO:0005814","centriole","1/610","126/15247",0.994294077936863,0.999932092755842,0.880092418988655,"Top2a",1
"GO:0030055","GO:0030055","cell-substrate junction","2/610","178/15247",0.994315735488612,0.999932092755842,0.880092418988655,"Itgb6/Itgbl1",2
"GO:0030135","GO:0030135","coated vesicle","2/610","185/15247",0.995594166120837,0.999932092755842,0.880092418988655,"Ston2/Rab3a",2
"GO:0090575","GO:0090575","RNA polymerase II transcription regulator complex","3/610","233/15247",0.995938913187526,0.999932092755842,0.880092418988655,"Ddit3/E2f6/Dbp",3
"GO:0001650","GO:0001650","fibrillar center","1/610","147/15247",0.99759826294392,0.999932092755842,0.880092418988655,"Esrra",1
"GO:0005802","GO:0005802","trans-Golgi network","2/610","230/15247",0.999166533414539,0.999932092755842,0.880092418988655,"Pcsk1/Postn",2
"GO:0000151","GO:0000151","ubiquitin ligase complex","3/610","292/15247",0.99946815870855,0.999932092755842,0.880092418988655,"Asb1/Klhdc10/Dcaf12l1",3
"GO:0005667","GO:0005667","transcription regulator complex","7/610","474/15247",0.999620176057687,0.999932092755842,0.880092418988655,"Arnt2/Ddit3/Bhlhe41/E2f6/Dbp/Mkx/Ccnd1",7
"GO:0005681","GO:0005681","spliceosomal complex","1/610","194/15247",0.999655244312864,0.999932092755842,0.880092418988655,"Akap17b",1
"GO:0016607","GO:0016607","nuclear speck","3/610","331/15247",0.999867395107725,0.999932092755842,0.880092418988655,"Mef2c/Rmi2/Akap17b",3
"GO:0098791","GO:0098791","Golgi apparatus subcompartment","2/610","296/15247",0.999932092755842,0.999932092755842,0.880092418988655,"Pcsk1/Postn",2
